id,cluster_id,module_desc,desc,method_name,flow,notf
1,0,code analysis and visualization,"As a software developer, I want to analyze Java project dependencies and method call relationships so that I can understand the structure and interactions within the codebase for maintenance, refactoring, or documentation purposes.",java.java_import_analyzer.__init__( self ),"- Step 1: java.java_import_analyzer.analyze_project receives project_root and output_file as inputs to start the analysis.
- Step 2: java.java_import_analyzer._collect_java_files collects all Java files from the specified root directory.
- Step 3: java.java_import_analyzer._parse_class_info parses class information from each Java file.
- Step 4: java.java_import_analyzer._analyze_file_dependencies analyzes dependencies between the files.
- Step 5: java.java_import_analyzer._generate_adjacency_matrix generates an adjacency matrix of file dependencies and writes it to the output file.
- Step 6: java.java_method_analyzer.analyze_project receives project_root and output_dir to analyze method-level details.
- Step 7: java.java_method_analyzer._collect_java_files collects all Java files again for method analysis.
- Step 8: java.java_method_analyzer._parse_file_info parses file information, including class and interface declarations.
- Step 9: java.java_method_analyzer._parse_class_methods extracts method details from each class.
- Step 10: java.java_method_analyzer._analyze_call_relations analyzes method call relationships within the files.
- Step 11: java.java_method_analyzer._write_method_csv writes method details to a CSV file.
- Step 12: java.java_method_analyzer._generate_call_matrix generates a call matrix of method relationships and writes it to the output directory.","- Performance: Efficient collection and parsing of Java files to handle large codebases.
- Reliability: Accurate parsing of class and method information to ensure correct dependency analysis.
- Observability: Logging of file and method parsing steps for debugging and verification.
- Compatibility: Support for standard Java file structures and syntax.
- Validation: Checks for valid file paths and correct Java syntax during parsing."
1,0,code analysis and visualization,"As a software developer, I want to analyze Java project dependencies and method call relationships so that I can understand the structure and interactions within the codebase for maintenance, refactoring, or documentation purposes.","java.java_import_analyzer.analyze_project( self, str project_root, str output_file )","- Step 1: java.java_import_analyzer.analyze_project receives project_root and output_file as inputs to start the analysis.
- Step 2: java.java_import_analyzer._collect_java_files collects all Java files from the specified root directory.
- Step 3: java.java_import_analyzer._parse_class_info parses class information from each Java file.
- Step 4: java.java_import_analyzer._analyze_file_dependencies analyzes dependencies between the files.
- Step 5: java.java_import_analyzer._generate_adjacency_matrix generates an adjacency matrix of file dependencies and writes it to the output file.
- Step 6: java.java_method_analyzer.analyze_project receives project_root and output_dir to analyze method-level details.
- Step 7: java.java_method_analyzer._collect_java_files collects all Java files again for method analysis.
- Step 8: java.java_method_analyzer._parse_file_info parses file information, including class and interface declarations.
- Step 9: java.java_method_analyzer._parse_class_methods extracts method details from each class.
- Step 10: java.java_method_analyzer._analyze_call_relations analyzes method call relationships within the files.
- Step 11: java.java_method_analyzer._write_method_csv writes method details to a CSV file.
- Step 12: java.java_method_analyzer._generate_call_matrix generates a call matrix of method relationships and writes it to the output directory.","- Performance: Efficient collection and parsing of Java files to handle large codebases.
- Reliability: Accurate parsing of class and method information to ensure correct dependency analysis.
- Observability: Logging of file and method parsing steps for debugging and verification.
- Compatibility: Support for standard Java file structures and syntax.
- Validation: Checks for valid file paths and correct Java syntax during parsing."
1,0,code analysis and visualization,"As a software developer, I want to analyze Java project dependencies and method call relationships so that I can understand the structure and interactions within the codebase for maintenance, refactoring, or documentation purposes.","java.java_import_analyzer._collect_java_files( self, str root_dir )","- Step 1: java.java_import_analyzer.analyze_project receives project_root and output_file as inputs to start the analysis.
- Step 2: java.java_import_analyzer._collect_java_files collects all Java files from the specified root directory.
- Step 3: java.java_import_analyzer._parse_class_info parses class information from each Java file.
- Step 4: java.java_import_analyzer._analyze_file_dependencies analyzes dependencies between the files.
- Step 5: java.java_import_analyzer._generate_adjacency_matrix generates an adjacency matrix of file dependencies and writes it to the output file.
- Step 6: java.java_method_analyzer.analyze_project receives project_root and output_dir to analyze method-level details.
- Step 7: java.java_method_analyzer._collect_java_files collects all Java files again for method analysis.
- Step 8: java.java_method_analyzer._parse_file_info parses file information, including class and interface declarations.
- Step 9: java.java_method_analyzer._parse_class_methods extracts method details from each class.
- Step 10: java.java_method_analyzer._analyze_call_relations analyzes method call relationships within the files.
- Step 11: java.java_method_analyzer._write_method_csv writes method details to a CSV file.
- Step 12: java.java_method_analyzer._generate_call_matrix generates a call matrix of method relationships and writes it to the output directory.","- Performance: Efficient collection and parsing of Java files to handle large codebases.
- Reliability: Accurate parsing of class and method information to ensure correct dependency analysis.
- Observability: Logging of file and method parsing steps for debugging and verification.
- Compatibility: Support for standard Java file structures and syntax.
- Validation: Checks for valid file paths and correct Java syntax during parsing."
1,0,code analysis and visualization,"As a software developer, I want to analyze Java project dependencies and method call relationships so that I can understand the structure and interactions within the codebase for maintenance, refactoring, or documentation purposes.","java.java_import_analyzer._parse_class_info( self, str file_path )","- Step 1: java.java_import_analyzer.analyze_project receives project_root and output_file as inputs to start the analysis.
- Step 2: java.java_import_analyzer._collect_java_files collects all Java files from the specified root directory.
- Step 3: java.java_import_analyzer._parse_class_info parses class information from each Java file.
- Step 4: java.java_import_analyzer._analyze_file_dependencies analyzes dependencies between the files.
- Step 5: java.java_import_analyzer._generate_adjacency_matrix generates an adjacency matrix of file dependencies and writes it to the output file.
- Step 6: java.java_method_analyzer.analyze_project receives project_root and output_dir to analyze method-level details.
- Step 7: java.java_method_analyzer._collect_java_files collects all Java files again for method analysis.
- Step 8: java.java_method_analyzer._parse_file_info parses file information, including class and interface declarations.
- Step 9: java.java_method_analyzer._parse_class_methods extracts method details from each class.
- Step 10: java.java_method_analyzer._analyze_call_relations analyzes method call relationships within the files.
- Step 11: java.java_method_analyzer._write_method_csv writes method details to a CSV file.
- Step 12: java.java_method_analyzer._generate_call_matrix generates a call matrix of method relationships and writes it to the output directory.","- Performance: Efficient collection and parsing of Java files to handle large codebases.
- Reliability: Accurate parsing of class and method information to ensure correct dependency analysis.
- Observability: Logging of file and method parsing steps for debugging and verification.
- Compatibility: Support for standard Java file structures and syntax.
- Validation: Checks for valid file paths and correct Java syntax during parsing."
1,0,code analysis and visualization,"As a software developer, I want to analyze Java project dependencies and method call relationships so that I can understand the structure and interactions within the codebase for maintenance, refactoring, or documentation purposes.","java.java_import_analyzer._analyze_file_dependencies( self, str file_path )","- Step 1: java.java_import_analyzer.analyze_project receives project_root and output_file as inputs to start the analysis.
- Step 2: java.java_import_analyzer._collect_java_files collects all Java files from the specified root directory.
- Step 3: java.java_import_analyzer._parse_class_info parses class information from each Java file.
- Step 4: java.java_import_analyzer._analyze_file_dependencies analyzes dependencies between the files.
- Step 5: java.java_import_analyzer._generate_adjacency_matrix generates an adjacency matrix of file dependencies and writes it to the output file.
- Step 6: java.java_method_analyzer.analyze_project receives project_root and output_dir to analyze method-level details.
- Step 7: java.java_method_analyzer._collect_java_files collects all Java files again for method analysis.
- Step 8: java.java_method_analyzer._parse_file_info parses file information, including class and interface declarations.
- Step 9: java.java_method_analyzer._parse_class_methods extracts method details from each class.
- Step 10: java.java_method_analyzer._analyze_call_relations analyzes method call relationships within the files.
- Step 11: java.java_method_analyzer._write_method_csv writes method details to a CSV file.
- Step 12: java.java_method_analyzer._generate_call_matrix generates a call matrix of method relationships and writes it to the output directory.","- Performance: Efficient collection and parsing of Java files to handle large codebases.
- Reliability: Accurate parsing of class and method information to ensure correct dependency analysis.
- Observability: Logging of file and method parsing steps for debugging and verification.
- Compatibility: Support for standard Java file structures and syntax.
- Validation: Checks for valid file paths and correct Java syntax during parsing."
1,0,code analysis and visualization,"As a software developer, I want to analyze Java project dependencies and method call relationships so that I can understand the structure and interactions within the codebase for maintenance, refactoring, or documentation purposes.","java.java_import_analyzer._generate_adjacency_matrix( self, str output_dir )","- Step 1: java.java_import_analyzer.analyze_project receives project_root and output_file as inputs to start the analysis.
- Step 2: java.java_import_analyzer._collect_java_files collects all Java files from the specified root directory.
- Step 3: java.java_import_analyzer._parse_class_info parses class information from each Java file.
- Step 4: java.java_import_analyzer._analyze_file_dependencies analyzes dependencies between the files.
- Step 5: java.java_import_analyzer._generate_adjacency_matrix generates an adjacency matrix of file dependencies and writes it to the output file.
- Step 6: java.java_method_analyzer.analyze_project receives project_root and output_dir to analyze method-level details.
- Step 7: java.java_method_analyzer._collect_java_files collects all Java files again for method analysis.
- Step 8: java.java_method_analyzer._parse_file_info parses file information, including class and interface declarations.
- Step 9: java.java_method_analyzer._parse_class_methods extracts method details from each class.
- Step 10: java.java_method_analyzer._analyze_call_relations analyzes method call relationships within the files.
- Step 11: java.java_method_analyzer._write_method_csv writes method details to a CSV file.
- Step 12: java.java_method_analyzer._generate_call_matrix generates a call matrix of method relationships and writes it to the output directory.","- Performance: Efficient collection and parsing of Java files to handle large codebases.
- Reliability: Accurate parsing of class and method information to ensure correct dependency analysis.
- Observability: Logging of file and method parsing steps for debugging and verification.
- Compatibility: Support for standard Java file structures and syntax.
- Validation: Checks for valid file paths and correct Java syntax during parsing."
1,0,code analysis and visualization,"As a software developer, I want to analyze Java project dependencies and method call relationships so that I can understand the structure and interactions within the codebase for maintenance, refactoring, or documentation purposes.",java.java_method_analyzer.__init__( self ),"- Step 1: java.java_import_analyzer.analyze_project receives project_root and output_file as inputs to start the analysis.
- Step 2: java.java_import_analyzer._collect_java_files collects all Java files from the specified root directory.
- Step 3: java.java_import_analyzer._parse_class_info parses class information from each Java file.
- Step 4: java.java_import_analyzer._analyze_file_dependencies analyzes dependencies between the files.
- Step 5: java.java_import_analyzer._generate_adjacency_matrix generates an adjacency matrix of file dependencies and writes it to the output file.
- Step 6: java.java_method_analyzer.analyze_project receives project_root and output_dir to analyze method-level details.
- Step 7: java.java_method_analyzer._collect_java_files collects all Java files again for method analysis.
- Step 8: java.java_method_analyzer._parse_file_info parses file information, including class and interface declarations.
- Step 9: java.java_method_analyzer._parse_class_methods extracts method details from each class.
- Step 10: java.java_method_analyzer._analyze_call_relations analyzes method call relationships within the files.
- Step 11: java.java_method_analyzer._write_method_csv writes method details to a CSV file.
- Step 12: java.java_method_analyzer._generate_call_matrix generates a call matrix of method relationships and writes it to the output directory.","- Performance: Efficient collection and parsing of Java files to handle large codebases.
- Reliability: Accurate parsing of class and method information to ensure correct dependency analysis.
- Observability: Logging of file and method parsing steps for debugging and verification.
- Compatibility: Support for standard Java file structures and syntax.
- Validation: Checks for valid file paths and correct Java syntax during parsing."
1,0,code analysis and visualization,"As a software developer, I want to analyze Java project dependencies and method call relationships so that I can understand the structure and interactions within the codebase for maintenance, refactoring, or documentation purposes.","java.java_method_analyzer.analyze_project( self, str project_root, str output_dir )","- Step 1: java.java_import_analyzer.analyze_project receives project_root and output_file as inputs to start the analysis.
- Step 2: java.java_import_analyzer._collect_java_files collects all Java files from the specified root directory.
- Step 3: java.java_import_analyzer._parse_class_info parses class information from each Java file.
- Step 4: java.java_import_analyzer._analyze_file_dependencies analyzes dependencies between the files.
- Step 5: java.java_import_analyzer._generate_adjacency_matrix generates an adjacency matrix of file dependencies and writes it to the output file.
- Step 6: java.java_method_analyzer.analyze_project receives project_root and output_dir to analyze method-level details.
- Step 7: java.java_method_analyzer._collect_java_files collects all Java files again for method analysis.
- Step 8: java.java_method_analyzer._parse_file_info parses file information, including class and interface declarations.
- Step 9: java.java_method_analyzer._parse_class_methods extracts method details from each class.
- Step 10: java.java_method_analyzer._analyze_call_relations analyzes method call relationships within the files.
- Step 11: java.java_method_analyzer._write_method_csv writes method details to a CSV file.
- Step 12: java.java_method_analyzer._generate_call_matrix generates a call matrix of method relationships and writes it to the output directory.","- Performance: Efficient collection and parsing of Java files to handle large codebases.
- Reliability: Accurate parsing of class and method information to ensure correct dependency analysis.
- Observability: Logging of file and method parsing steps for debugging and verification.
- Compatibility: Support for standard Java file structures and syntax.
- Validation: Checks for valid file paths and correct Java syntax during parsing."
1,0,code analysis and visualization,"As a software developer, I want to analyze Java project dependencies and method call relationships so that I can understand the structure and interactions within the codebase for maintenance, refactoring, or documentation purposes.","java.java_method_analyzer._collect_java_files( self, str root_dir )","- Step 1: java.java_import_analyzer.analyze_project receives project_root and output_file as inputs to start the analysis.
- Step 2: java.java_import_analyzer._collect_java_files collects all Java files from the specified root directory.
- Step 3: java.java_import_analyzer._parse_class_info parses class information from each Java file.
- Step 4: java.java_import_analyzer._analyze_file_dependencies analyzes dependencies between the files.
- Step 5: java.java_import_analyzer._generate_adjacency_matrix generates an adjacency matrix of file dependencies and writes it to the output file.
- Step 6: java.java_method_analyzer.analyze_project receives project_root and output_dir to analyze method-level details.
- Step 7: java.java_method_analyzer._collect_java_files collects all Java files again for method analysis.
- Step 8: java.java_method_analyzer._parse_file_info parses file information, including class and interface declarations.
- Step 9: java.java_method_analyzer._parse_class_methods extracts method details from each class.
- Step 10: java.java_method_analyzer._analyze_call_relations analyzes method call relationships within the files.
- Step 11: java.java_method_analyzer._write_method_csv writes method details to a CSV file.
- Step 12: java.java_method_analyzer._generate_call_matrix generates a call matrix of method relationships and writes it to the output directory.","- Performance: Efficient collection and parsing of Java files to handle large codebases.
- Reliability: Accurate parsing of class and method information to ensure correct dependency analysis.
- Observability: Logging of file and method parsing steps for debugging and verification.
- Compatibility: Support for standard Java file structures and syntax.
- Validation: Checks for valid file paths and correct Java syntax during parsing."
1,0,code analysis and visualization,"As a software developer, I want to analyze Java project dependencies and method call relationships so that I can understand the structure and interactions within the codebase for maintenance, refactoring, or documentation purposes.","java.java_method_analyzer._parse_file_info( self, str file_path )","- Step 1: java.java_import_analyzer.analyze_project receives project_root and output_file as inputs to start the analysis.
- Step 2: java.java_import_analyzer._collect_java_files collects all Java files from the specified root directory.
- Step 3: java.java_import_analyzer._parse_class_info parses class information from each Java file.
- Step 4: java.java_import_analyzer._analyze_file_dependencies analyzes dependencies between the files.
- Step 5: java.java_import_analyzer._generate_adjacency_matrix generates an adjacency matrix of file dependencies and writes it to the output file.
- Step 6: java.java_method_analyzer.analyze_project receives project_root and output_dir to analyze method-level details.
- Step 7: java.java_method_analyzer._collect_java_files collects all Java files again for method analysis.
- Step 8: java.java_method_analyzer._parse_file_info parses file information, including class and interface declarations.
- Step 9: java.java_method_analyzer._parse_class_methods extracts method details from each class.
- Step 10: java.java_method_analyzer._analyze_call_relations analyzes method call relationships within the files.
- Step 11: java.java_method_analyzer._write_method_csv writes method details to a CSV file.
- Step 12: java.java_method_analyzer._generate_call_matrix generates a call matrix of method relationships and writes it to the output directory.","- Performance: Efficient collection and parsing of Java files to handle large codebases.
- Reliability: Accurate parsing of class and method information to ensure correct dependency analysis.
- Observability: Logging of file and method parsing steps for debugging and verification.
- Compatibility: Support for standard Java file structures and syntax.
- Validation: Checks for valid file paths and correct Java syntax during parsing."
1,0,code analysis and visualization,"As a software developer, I want to analyze Java project dependencies and method call relationships so that I can understand the structure and interactions within the codebase for maintenance, refactoring, or documentation purposes.","java.java_method_analyzer._process_class_declaration( self, str file_path, node, str package_name )","- Step 1: java.java_import_analyzer.analyze_project receives project_root and output_file as inputs to start the analysis.
- Step 2: java.java_import_analyzer._collect_java_files collects all Java files from the specified root directory.
- Step 3: java.java_import_analyzer._parse_class_info parses class information from each Java file.
- Step 4: java.java_import_analyzer._analyze_file_dependencies analyzes dependencies between the files.
- Step 5: java.java_import_analyzer._generate_adjacency_matrix generates an adjacency matrix of file dependencies and writes it to the output file.
- Step 6: java.java_method_analyzer.analyze_project receives project_root and output_dir to analyze method-level details.
- Step 7: java.java_method_analyzer._collect_java_files collects all Java files again for method analysis.
- Step 8: java.java_method_analyzer._parse_file_info parses file information, including class and interface declarations.
- Step 9: java.java_method_analyzer._parse_class_methods extracts method details from each class.
- Step 10: java.java_method_analyzer._analyze_call_relations analyzes method call relationships within the files.
- Step 11: java.java_method_analyzer._write_method_csv writes method details to a CSV file.
- Step 12: java.java_method_analyzer._generate_call_matrix generates a call matrix of method relationships and writes it to the output directory.","- Performance: Efficient collection and parsing of Java files to handle large codebases.
- Reliability: Accurate parsing of class and method information to ensure correct dependency analysis.
- Observability: Logging of file and method parsing steps for debugging and verification.
- Compatibility: Support for standard Java file structures and syntax.
- Validation: Checks for valid file paths and correct Java syntax during parsing."
1,0,code analysis and visualization,"As a software developer, I want to analyze Java project dependencies and method call relationships so that I can understand the structure and interactions within the codebase for maintenance, refactoring, or documentation purposes.","java.java_method_analyzer._process_interface_declaration( self, str file_path, node, str package_name )","- Step 1: java.java_import_analyzer.analyze_project receives project_root and output_file as inputs to start the analysis.
- Step 2: java.java_import_analyzer._collect_java_files collects all Java files from the specified root directory.
- Step 3: java.java_import_analyzer._parse_class_info parses class information from each Java file.
- Step 4: java.java_import_analyzer._analyze_file_dependencies analyzes dependencies between the files.
- Step 5: java.java_import_analyzer._generate_adjacency_matrix generates an adjacency matrix of file dependencies and writes it to the output file.
- Step 6: java.java_method_analyzer.analyze_project receives project_root and output_dir to analyze method-level details.
- Step 7: java.java_method_analyzer._collect_java_files collects all Java files again for method analysis.
- Step 8: java.java_method_analyzer._parse_file_info parses file information, including class and interface declarations.
- Step 9: java.java_method_analyzer._parse_class_methods extracts method details from each class.
- Step 10: java.java_method_analyzer._analyze_call_relations analyzes method call relationships within the files.
- Step 11: java.java_method_analyzer._write_method_csv writes method details to a CSV file.
- Step 12: java.java_method_analyzer._generate_call_matrix generates a call matrix of method relationships and writes it to the output directory.","- Performance: Efficient collection and parsing of Java files to handle large codebases.
- Reliability: Accurate parsing of class and method information to ensure correct dependency analysis.
- Observability: Logging of file and method parsing steps for debugging and verification.
- Compatibility: Support for standard Java file structures and syntax.
- Validation: Checks for valid file paths and correct Java syntax during parsing."
1,0,code analysis and visualization,"As a software developer, I want to analyze Java project dependencies and method call relationships so that I can understand the structure and interactions within the codebase for maintenance, refactoring, or documentation purposes.","java.java_method_analyzer._parse_class_methods( self, str file_path, str class_name, class_node )","- Step 1: java.java_import_analyzer.analyze_project receives project_root and output_file as inputs to start the analysis.
- Step 2: java.java_import_analyzer._collect_java_files collects all Java files from the specified root directory.
- Step 3: java.java_import_analyzer._parse_class_info parses class information from each Java file.
- Step 4: java.java_import_analyzer._analyze_file_dependencies analyzes dependencies between the files.
- Step 5: java.java_import_analyzer._generate_adjacency_matrix generates an adjacency matrix of file dependencies and writes it to the output file.
- Step 6: java.java_method_analyzer.analyze_project receives project_root and output_dir to analyze method-level details.
- Step 7: java.java_method_analyzer._collect_java_files collects all Java files again for method analysis.
- Step 8: java.java_method_analyzer._parse_file_info parses file information, including class and interface declarations.
- Step 9: java.java_method_analyzer._parse_class_methods extracts method details from each class.
- Step 10: java.java_method_analyzer._analyze_call_relations analyzes method call relationships within the files.
- Step 11: java.java_method_analyzer._write_method_csv writes method details to a CSV file.
- Step 12: java.java_method_analyzer._generate_call_matrix generates a call matrix of method relationships and writes it to the output directory.","- Performance: Efficient collection and parsing of Java files to handle large codebases.
- Reliability: Accurate parsing of class and method information to ensure correct dependency analysis.
- Observability: Logging of file and method parsing steps for debugging and verification.
- Compatibility: Support for standard Java file structures and syntax.
- Validation: Checks for valid file paths and correct Java syntax during parsing."
1,0,code analysis and visualization,"As a software developer, I want to analyze Java project dependencies and method call relationships so that I can understand the structure and interactions within the codebase for maintenance, refactoring, or documentation purposes.","java.java_method_analyzer._record_method( self, str file_path, str class_name, method_node )","- Step 1: java.java_import_analyzer.analyze_project receives project_root and output_file as inputs to start the analysis.
- Step 2: java.java_import_analyzer._collect_java_files collects all Java files from the specified root directory.
- Step 3: java.java_import_analyzer._parse_class_info parses class information from each Java file.
- Step 4: java.java_import_analyzer._analyze_file_dependencies analyzes dependencies between the files.
- Step 5: java.java_import_analyzer._generate_adjacency_matrix generates an adjacency matrix of file dependencies and writes it to the output file.
- Step 6: java.java_method_analyzer.analyze_project receives project_root and output_dir to analyze method-level details.
- Step 7: java.java_method_analyzer._collect_java_files collects all Java files again for method analysis.
- Step 8: java.java_method_analyzer._parse_file_info parses file information, including class and interface declarations.
- Step 9: java.java_method_analyzer._parse_class_methods extracts method details from each class.
- Step 10: java.java_method_analyzer._analyze_call_relations analyzes method call relationships within the files.
- Step 11: java.java_method_analyzer._write_method_csv writes method details to a CSV file.
- Step 12: java.java_method_analyzer._generate_call_matrix generates a call matrix of method relationships and writes it to the output directory.","- Performance: Efficient collection and parsing of Java files to handle large codebases.
- Reliability: Accurate parsing of class and method information to ensure correct dependency analysis.
- Observability: Logging of file and method parsing steps for debugging and verification.
- Compatibility: Support for standard Java file structures and syntax.
- Validation: Checks for valid file paths and correct Java syntax during parsing."
1,0,code analysis and visualization,"As a software developer, I want to analyze Java project dependencies and method call relationships so that I can understand the structure and interactions within the codebase for maintenance, refactoring, or documentation purposes.","java.java_method_analyzer._get_method_end_line( self, method_node, str file_path )","- Step 1: java.java_import_analyzer.analyze_project receives project_root and output_file as inputs to start the analysis.
- Step 2: java.java_import_analyzer._collect_java_files collects all Java files from the specified root directory.
- Step 3: java.java_import_analyzer._parse_class_info parses class information from each Java file.
- Step 4: java.java_import_analyzer._analyze_file_dependencies analyzes dependencies between the files.
- Step 5: java.java_import_analyzer._generate_adjacency_matrix generates an adjacency matrix of file dependencies and writes it to the output file.
- Step 6: java.java_method_analyzer.analyze_project receives project_root and output_dir to analyze method-level details.
- Step 7: java.java_method_analyzer._collect_java_files collects all Java files again for method analysis.
- Step 8: java.java_method_analyzer._parse_file_info parses file information, including class and interface declarations.
- Step 9: java.java_method_analyzer._parse_class_methods extracts method details from each class.
- Step 10: java.java_method_analyzer._analyze_call_relations analyzes method call relationships within the files.
- Step 11: java.java_method_analyzer._write_method_csv writes method details to a CSV file.
- Step 12: java.java_method_analyzer._generate_call_matrix generates a call matrix of method relationships and writes it to the output directory.","- Performance: Efficient collection and parsing of Java files to handle large codebases.
- Reliability: Accurate parsing of class and method information to ensure correct dependency analysis.
- Observability: Logging of file and method parsing steps for debugging and verification.
- Compatibility: Support for standard Java file structures and syntax.
- Validation: Checks for valid file paths and correct Java syntax during parsing."
1,0,code analysis and visualization,"As a software developer, I want to analyze Java project dependencies and method call relationships so that I can understand the structure and interactions within the codebase for maintenance, refactoring, or documentation purposes.","java.java_method_analyzer._extract_method_code( self, str file_path, int start_line, int end_line )","- Step 1: java.java_import_analyzer.analyze_project receives project_root and output_file as inputs to start the analysis.
- Step 2: java.java_import_analyzer._collect_java_files collects all Java files from the specified root directory.
- Step 3: java.java_import_analyzer._parse_class_info parses class information from each Java file.
- Step 4: java.java_import_analyzer._analyze_file_dependencies analyzes dependencies between the files.
- Step 5: java.java_import_analyzer._generate_adjacency_matrix generates an adjacency matrix of file dependencies and writes it to the output file.
- Step 6: java.java_method_analyzer.analyze_project receives project_root and output_dir to analyze method-level details.
- Step 7: java.java_method_analyzer._collect_java_files collects all Java files again for method analysis.
- Step 8: java.java_method_analyzer._parse_file_info parses file information, including class and interface declarations.
- Step 9: java.java_method_analyzer._parse_class_methods extracts method details from each class.
- Step 10: java.java_method_analyzer._analyze_call_relations analyzes method call relationships within the files.
- Step 11: java.java_method_analyzer._write_method_csv writes method details to a CSV file.
- Step 12: java.java_method_analyzer._generate_call_matrix generates a call matrix of method relationships and writes it to the output directory.","- Performance: Efficient collection and parsing of Java files to handle large codebases.
- Reliability: Accurate parsing of class and method information to ensure correct dependency analysis.
- Observability: Logging of file and method parsing steps for debugging and verification.
- Compatibility: Support for standard Java file structures and syntax.
- Validation: Checks for valid file paths and correct Java syntax during parsing."
1,0,code analysis and visualization,"As a software developer, I want to analyze Java project dependencies and method call relationships so that I can understand the structure and interactions within the codebase for maintenance, refactoring, or documentation purposes.","java.java_method_analyzer._analyze_call_relations( self, str file_path )","- Step 1: java.java_import_analyzer.analyze_project receives project_root and output_file as inputs to start the analysis.
- Step 2: java.java_import_analyzer._collect_java_files collects all Java files from the specified root directory.
- Step 3: java.java_import_analyzer._parse_class_info parses class information from each Java file.
- Step 4: java.java_import_analyzer._analyze_file_dependencies analyzes dependencies between the files.
- Step 5: java.java_import_analyzer._generate_adjacency_matrix generates an adjacency matrix of file dependencies and writes it to the output file.
- Step 6: java.java_method_analyzer.analyze_project receives project_root and output_dir to analyze method-level details.
- Step 7: java.java_method_analyzer._collect_java_files collects all Java files again for method analysis.
- Step 8: java.java_method_analyzer._parse_file_info parses file information, including class and interface declarations.
- Step 9: java.java_method_analyzer._parse_class_methods extracts method details from each class.
- Step 10: java.java_method_analyzer._analyze_call_relations analyzes method call relationships within the files.
- Step 11: java.java_method_analyzer._write_method_csv writes method details to a CSV file.
- Step 12: java.java_method_analyzer._generate_call_matrix generates a call matrix of method relationships and writes it to the output directory.","- Performance: Efficient collection and parsing of Java files to handle large codebases.
- Reliability: Accurate parsing of class and method information to ensure correct dependency analysis.
- Observability: Logging of file and method parsing steps for debugging and verification.
- Compatibility: Support for standard Java file structures and syntax.
- Validation: Checks for valid file paths and correct Java syntax during parsing."
1,0,code analysis and visualization,"As a software developer, I want to analyze Java project dependencies and method call relationships so that I can understand the structure and interactions within the codebase for maintenance, refactoring, or documentation purposes.","java.java_method_analyzer._update_context( self, str file_path, position )","- Step 1: java.java_import_analyzer.analyze_project receives project_root and output_file as inputs to start the analysis.
- Step 2: java.java_import_analyzer._collect_java_files collects all Java files from the specified root directory.
- Step 3: java.java_import_analyzer._parse_class_info parses class information from each Java file.
- Step 4: java.java_import_analyzer._analyze_file_dependencies analyzes dependencies between the files.
- Step 5: java.java_import_analyzer._generate_adjacency_matrix generates an adjacency matrix of file dependencies and writes it to the output file.
- Step 6: java.java_method_analyzer.analyze_project receives project_root and output_dir to analyze method-level details.
- Step 7: java.java_method_analyzer._collect_java_files collects all Java files again for method analysis.
- Step 8: java.java_method_analyzer._parse_file_info parses file information, including class and interface declarations.
- Step 9: java.java_method_analyzer._parse_class_methods extracts method details from each class.
- Step 10: java.java_method_analyzer._analyze_call_relations analyzes method call relationships within the files.
- Step 11: java.java_method_analyzer._write_method_csv writes method details to a CSV file.
- Step 12: java.java_method_analyzer._generate_call_matrix generates a call matrix of method relationships and writes it to the output directory.","- Performance: Efficient collection and parsing of Java files to handle large codebases.
- Reliability: Accurate parsing of class and method information to ensure correct dependency analysis.
- Observability: Logging of file and method parsing steps for debugging and verification.
- Compatibility: Support for standard Java file structures and syntax.
- Validation: Checks for valid file paths and correct Java syntax during parsing."
1,0,code analysis and visualization,"As a software developer, I want to analyze Java project dependencies and method call relationships so that I can understand the structure and interactions within the codebase for maintenance, refactoring, or documentation purposes.","java.java_method_analyzer._process_method_invocation( self, str file_path, node, str package_name, Dict[str, str] import_map )","- Step 1: java.java_import_analyzer.analyze_project receives project_root and output_file as inputs to start the analysis.
- Step 2: java.java_import_analyzer._collect_java_files collects all Java files from the specified root directory.
- Step 3: java.java_import_analyzer._parse_class_info parses class information from each Java file.
- Step 4: java.java_import_analyzer._analyze_file_dependencies analyzes dependencies between the files.
- Step 5: java.java_import_analyzer._generate_adjacency_matrix generates an adjacency matrix of file dependencies and writes it to the output file.
- Step 6: java.java_method_analyzer.analyze_project receives project_root and output_dir to analyze method-level details.
- Step 7: java.java_method_analyzer._collect_java_files collects all Java files again for method analysis.
- Step 8: java.java_method_analyzer._parse_file_info parses file information, including class and interface declarations.
- Step 9: java.java_method_analyzer._parse_class_methods extracts method details from each class.
- Step 10: java.java_method_analyzer._analyze_call_relations analyzes method call relationships within the files.
- Step 11: java.java_method_analyzer._write_method_csv writes method details to a CSV file.
- Step 12: java.java_method_analyzer._generate_call_matrix generates a call matrix of method relationships and writes it to the output directory.","- Performance: Efficient collection and parsing of Java files to handle large codebases.
- Reliability: Accurate parsing of class and method information to ensure correct dependency analysis.
- Observability: Logging of file and method parsing steps for debugging and verification.
- Compatibility: Support for standard Java file structures and syntax.
- Validation: Checks for valid file paths and correct Java syntax during parsing."
1,0,code analysis and visualization,"As a software developer, I want to analyze Java project dependencies and method call relationships so that I can understand the structure and interactions within the codebase for maintenance, refactoring, or documentation purposes.","java.java_method_analyzer._process_constructor_call( self, str file_path, node, str package_name, Dict[str, str] import_map )","- Step 1: java.java_import_analyzer.analyze_project receives project_root and output_file as inputs to start the analysis.
- Step 2: java.java_import_analyzer._collect_java_files collects all Java files from the specified root directory.
- Step 3: java.java_import_analyzer._parse_class_info parses class information from each Java file.
- Step 4: java.java_import_analyzer._analyze_file_dependencies analyzes dependencies between the files.
- Step 5: java.java_import_analyzer._generate_adjacency_matrix generates an adjacency matrix of file dependencies and writes it to the output file.
- Step 6: java.java_method_analyzer.analyze_project receives project_root and output_dir to analyze method-level details.
- Step 7: java.java_method_analyzer._collect_java_files collects all Java files again for method analysis.
- Step 8: java.java_method_analyzer._parse_file_info parses file information, including class and interface declarations.
- Step 9: java.java_method_analyzer._parse_class_methods extracts method details from each class.
- Step 10: java.java_method_analyzer._analyze_call_relations analyzes method call relationships within the files.
- Step 11: java.java_method_analyzer._write_method_csv writes method details to a CSV file.
- Step 12: java.java_method_analyzer._generate_call_matrix generates a call matrix of method relationships and writes it to the output directory.","- Performance: Efficient collection and parsing of Java files to handle large codebases.
- Reliability: Accurate parsing of class and method information to ensure correct dependency analysis.
- Observability: Logging of file and method parsing steps for debugging and verification.
- Compatibility: Support for standard Java file structures and syntax.
- Validation: Checks for valid file paths and correct Java syntax during parsing."
1,0,code analysis and visualization,"As a software developer, I want to analyze Java project dependencies and method call relationships so that I can understand the structure and interactions within the codebase for maintenance, refactoring, or documentation purposes.","java.java_method_analyzer._process_method_reference( self, str file_path, node, str package_name, Dict[str, str] import_map )","- Step 1: java.java_import_analyzer.analyze_project receives project_root and output_file as inputs to start the analysis.
- Step 2: java.java_import_analyzer._collect_java_files collects all Java files from the specified root directory.
- Step 3: java.java_import_analyzer._parse_class_info parses class information from each Java file.
- Step 4: java.java_import_analyzer._analyze_file_dependencies analyzes dependencies between the files.
- Step 5: java.java_import_analyzer._generate_adjacency_matrix generates an adjacency matrix of file dependencies and writes it to the output file.
- Step 6: java.java_method_analyzer.analyze_project receives project_root and output_dir to analyze method-level details.
- Step 7: java.java_method_analyzer._collect_java_files collects all Java files again for method analysis.
- Step 8: java.java_method_analyzer._parse_file_info parses file information, including class and interface declarations.
- Step 9: java.java_method_analyzer._parse_class_methods extracts method details from each class.
- Step 10: java.java_method_analyzer._analyze_call_relations analyzes method call relationships within the files.
- Step 11: java.java_method_analyzer._write_method_csv writes method details to a CSV file.
- Step 12: java.java_method_analyzer._generate_call_matrix generates a call matrix of method relationships and writes it to the output directory.","- Performance: Efficient collection and parsing of Java files to handle large codebases.
- Reliability: Accurate parsing of class and method information to ensure correct dependency analysis.
- Observability: Logging of file and method parsing steps for debugging and verification.
- Compatibility: Support for standard Java file structures and syntax.
- Validation: Checks for valid file paths and correct Java syntax during parsing."
1,0,code analysis and visualization,"As a software developer, I want to analyze Java project dependencies and method call relationships so that I can understand the structure and interactions within the codebase for maintenance, refactoring, or documentation purposes.","java.java_method_analyzer._process_lambda_expression( self, str file_path, node, str package_name, Dict[str, str] import_map )","- Step 1: java.java_import_analyzer.analyze_project receives project_root and output_file as inputs to start the analysis.
- Step 2: java.java_import_analyzer._collect_java_files collects all Java files from the specified root directory.
- Step 3: java.java_import_analyzer._parse_class_info parses class information from each Java file.
- Step 4: java.java_import_analyzer._analyze_file_dependencies analyzes dependencies between the files.
- Step 5: java.java_import_analyzer._generate_adjacency_matrix generates an adjacency matrix of file dependencies and writes it to the output file.
- Step 6: java.java_method_analyzer.analyze_project receives project_root and output_dir to analyze method-level details.
- Step 7: java.java_method_analyzer._collect_java_files collects all Java files again for method analysis.
- Step 8: java.java_method_analyzer._parse_file_info parses file information, including class and interface declarations.
- Step 9: java.java_method_analyzer._parse_class_methods extracts method details from each class.
- Step 10: java.java_method_analyzer._analyze_call_relations analyzes method call relationships within the files.
- Step 11: java.java_method_analyzer._write_method_csv writes method details to a CSV file.
- Step 12: java.java_method_analyzer._generate_call_matrix generates a call matrix of method relationships and writes it to the output directory.","- Performance: Efficient collection and parsing of Java files to handle large codebases.
- Reliability: Accurate parsing of class and method information to ensure correct dependency analysis.
- Observability: Logging of file and method parsing steps for debugging and verification.
- Compatibility: Support for standard Java file structures and syntax.
- Validation: Checks for valid file paths and correct Java syntax during parsing."
1,0,code analysis and visualization,"As a software developer, I want to analyze Java project dependencies and method call relationships so that I can understand the structure and interactions within the codebase for maintenance, refactoring, or documentation purposes.","java.java_method_analyzer._process_explicit_constructor( self, str file_path, node, str package_name, Dict[str, str] import_map )","- Step 1: java.java_import_analyzer.analyze_project receives project_root and output_file as inputs to start the analysis.
- Step 2: java.java_import_analyzer._collect_java_files collects all Java files from the specified root directory.
- Step 3: java.java_import_analyzer._parse_class_info parses class information from each Java file.
- Step 4: java.java_import_analyzer._analyze_file_dependencies analyzes dependencies between the files.
- Step 5: java.java_import_analyzer._generate_adjacency_matrix generates an adjacency matrix of file dependencies and writes it to the output file.
- Step 6: java.java_method_analyzer.analyze_project receives project_root and output_dir to analyze method-level details.
- Step 7: java.java_method_analyzer._collect_java_files collects all Java files again for method analysis.
- Step 8: java.java_method_analyzer._parse_file_info parses file information, including class and interface declarations.
- Step 9: java.java_method_analyzer._parse_class_methods extracts method details from each class.
- Step 10: java.java_method_analyzer._analyze_call_relations analyzes method call relationships within the files.
- Step 11: java.java_method_analyzer._write_method_csv writes method details to a CSV file.
- Step 12: java.java_method_analyzer._generate_call_matrix generates a call matrix of method relationships and writes it to the output directory.","- Performance: Efficient collection and parsing of Java files to handle large codebases.
- Reliability: Accurate parsing of class and method information to ensure correct dependency analysis.
- Observability: Logging of file and method parsing steps for debugging and verification.
- Compatibility: Support for standard Java file structures and syntax.
- Validation: Checks for valid file paths and correct Java syntax during parsing."
1,0,code analysis and visualization,"As a software developer, I want to analyze Java project dependencies and method call relationships so that I can understand the structure and interactions within the codebase for maintenance, refactoring, or documentation purposes.","java.java_method_analyzer._process_chained_call( self, str file_path, node, str package_name, Dict[str, str] import_map )","- Step 1: java.java_import_analyzer.analyze_project receives project_root and output_file as inputs to start the analysis.
- Step 2: java.java_import_analyzer._collect_java_files collects all Java files from the specified root directory.
- Step 3: java.java_import_analyzer._parse_class_info parses class information from each Java file.
- Step 4: java.java_import_analyzer._analyze_file_dependencies analyzes dependencies between the files.
- Step 5: java.java_import_analyzer._generate_adjacency_matrix generates an adjacency matrix of file dependencies and writes it to the output file.
- Step 6: java.java_method_analyzer.analyze_project receives project_root and output_dir to analyze method-level details.
- Step 7: java.java_method_analyzer._collect_java_files collects all Java files again for method analysis.
- Step 8: java.java_method_analyzer._parse_file_info parses file information, including class and interface declarations.
- Step 9: java.java_method_analyzer._parse_class_methods extracts method details from each class.
- Step 10: java.java_method_analyzer._analyze_call_relations analyzes method call relationships within the files.
- Step 11: java.java_method_analyzer._write_method_csv writes method details to a CSV file.
- Step 12: java.java_method_analyzer._generate_call_matrix generates a call matrix of method relationships and writes it to the output directory.","- Performance: Efficient collection and parsing of Java files to handle large codebases.
- Reliability: Accurate parsing of class and method information to ensure correct dependency analysis.
- Observability: Logging of file and method parsing steps for debugging and verification.
- Compatibility: Support for standard Java file structures and syntax.
- Validation: Checks for valid file paths and correct Java syntax during parsing."
1,0,code analysis and visualization,"As a software developer, I want to analyze Java project dependencies and method call relationships so that I can understand the structure and interactions within the codebase for maintenance, refactoring, or documentation purposes.","java.java_method_analyzer._get_method_return_type( self, int method_id )","- Step 1: java.java_import_analyzer.analyze_project receives project_root and output_file as inputs to start the analysis.
- Step 2: java.java_import_analyzer._collect_java_files collects all Java files from the specified root directory.
- Step 3: java.java_import_analyzer._parse_class_info parses class information from each Java file.
- Step 4: java.java_import_analyzer._analyze_file_dependencies analyzes dependencies between the files.
- Step 5: java.java_import_analyzer._generate_adjacency_matrix generates an adjacency matrix of file dependencies and writes it to the output file.
- Step 6: java.java_method_analyzer.analyze_project receives project_root and output_dir to analyze method-level details.
- Step 7: java.java_method_analyzer._collect_java_files collects all Java files again for method analysis.
- Step 8: java.java_method_analyzer._parse_file_info parses file information, including class and interface declarations.
- Step 9: java.java_method_analyzer._parse_class_methods extracts method details from each class.
- Step 10: java.java_method_analyzer._analyze_call_relations analyzes method call relationships within the files.
- Step 11: java.java_method_analyzer._write_method_csv writes method details to a CSV file.
- Step 12: java.java_method_analyzer._generate_call_matrix generates a call matrix of method relationships and writes it to the output directory.","- Performance: Efficient collection and parsing of Java files to handle large codebases.
- Reliability: Accurate parsing of class and method information to ensure correct dependency analysis.
- Observability: Logging of file and method parsing steps for debugging and verification.
- Compatibility: Support for standard Java file structures and syntax.
- Validation: Checks for valid file paths and correct Java syntax during parsing."
1,0,code analysis and visualization,"As a software developer, I want to analyze Java project dependencies and method call relationships so that I can understand the structure and interactions within the codebase for maintenance, refactoring, or documentation purposes.","java.java_method_analyzer._infer_expression_type( self, expr )","- Step 1: java.java_import_analyzer.analyze_project receives project_root and output_file as inputs to start the analysis.
- Step 2: java.java_import_analyzer._collect_java_files collects all Java files from the specified root directory.
- Step 3: java.java_import_analyzer._parse_class_info parses class information from each Java file.
- Step 4: java.java_import_analyzer._analyze_file_dependencies analyzes dependencies between the files.
- Step 5: java.java_import_analyzer._generate_adjacency_matrix generates an adjacency matrix of file dependencies and writes it to the output file.
- Step 6: java.java_method_analyzer.analyze_project receives project_root and output_dir to analyze method-level details.
- Step 7: java.java_method_analyzer._collect_java_files collects all Java files again for method analysis.
- Step 8: java.java_method_analyzer._parse_file_info parses file information, including class and interface declarations.
- Step 9: java.java_method_analyzer._parse_class_methods extracts method details from each class.
- Step 10: java.java_method_analyzer._analyze_call_relations analyzes method call relationships within the files.
- Step 11: java.java_method_analyzer._write_method_csv writes method details to a CSV file.
- Step 12: java.java_method_analyzer._generate_call_matrix generates a call matrix of method relationships and writes it to the output directory.","- Performance: Efficient collection and parsing of Java files to handle large codebases.
- Reliability: Accurate parsing of class and method information to ensure correct dependency analysis.
- Observability: Logging of file and method parsing steps for debugging and verification.
- Compatibility: Support for standard Java file structures and syntax.
- Validation: Checks for valid file paths and correct Java syntax during parsing."
1,0,code analysis and visualization,"As a software developer, I want to analyze Java project dependencies and method call relationships so that I can understand the structure and interactions within the codebase for maintenance, refactoring, or documentation purposes.","java.java_method_analyzer._infer_method_return_type( self, method_invocation )","- Step 1: java.java_import_analyzer.analyze_project receives project_root and output_file as inputs to start the analysis.
- Step 2: java.java_import_analyzer._collect_java_files collects all Java files from the specified root directory.
- Step 3: java.java_import_analyzer._parse_class_info parses class information from each Java file.
- Step 4: java.java_import_analyzer._analyze_file_dependencies analyzes dependencies between the files.
- Step 5: java.java_import_analyzer._generate_adjacency_matrix generates an adjacency matrix of file dependencies and writes it to the output file.
- Step 6: java.java_method_analyzer.analyze_project receives project_root and output_dir to analyze method-level details.
- Step 7: java.java_method_analyzer._collect_java_files collects all Java files again for method analysis.
- Step 8: java.java_method_analyzer._parse_file_info parses file information, including class and interface declarations.
- Step 9: java.java_method_analyzer._parse_class_methods extracts method details from each class.
- Step 10: java.java_method_analyzer._analyze_call_relations analyzes method call relationships within the files.
- Step 11: java.java_method_analyzer._write_method_csv writes method details to a CSV file.
- Step 12: java.java_method_analyzer._generate_call_matrix generates a call matrix of method relationships and writes it to the output directory.","- Performance: Efficient collection and parsing of Java files to handle large codebases.
- Reliability: Accurate parsing of class and method information to ensure correct dependency analysis.
- Observability: Logging of file and method parsing steps for debugging and verification.
- Compatibility: Support for standard Java file structures and syntax.
- Validation: Checks for valid file paths and correct Java syntax during parsing."
1,0,code analysis and visualization,"As a software developer, I want to analyze Java project dependencies and method call relationships so that I can understand the structure and interactions within the codebase for maintenance, refactoring, or documentation purposes.","java.java_method_analyzer._resolve_class_name( self, str name, str package_name, Dict[str, str] import_map )","- Step 1: java.java_import_analyzer.analyze_project receives project_root and output_file as inputs to start the analysis.
- Step 2: java.java_import_analyzer._collect_java_files collects all Java files from the specified root directory.
- Step 3: java.java_import_analyzer._parse_class_info parses class information from each Java file.
- Step 4: java.java_import_analyzer._analyze_file_dependencies analyzes dependencies between the files.
- Step 5: java.java_import_analyzer._generate_adjacency_matrix generates an adjacency matrix of file dependencies and writes it to the output file.
- Step 6: java.java_method_analyzer.analyze_project receives project_root and output_dir to analyze method-level details.
- Step 7: java.java_method_analyzer._collect_java_files collects all Java files again for method analysis.
- Step 8: java.java_method_analyzer._parse_file_info parses file information, including class and interface declarations.
- Step 9: java.java_method_analyzer._parse_class_methods extracts method details from each class.
- Step 10: java.java_method_analyzer._analyze_call_relations analyzes method call relationships within the files.
- Step 11: java.java_method_analyzer._write_method_csv writes method details to a CSV file.
- Step 12: java.java_method_analyzer._generate_call_matrix generates a call matrix of method relationships and writes it to the output directory.","- Performance: Efficient collection and parsing of Java files to handle large codebases.
- Reliability: Accurate parsing of class and method information to ensure correct dependency analysis.
- Observability: Logging of file and method parsing steps for debugging and verification.
- Compatibility: Support for standard Java file structures and syntax.
- Validation: Checks for valid file paths and correct Java syntax during parsing."
1,0,code analysis and visualization,"As a software developer, I want to analyze Java project dependencies and method call relationships so that I can understand the structure and interactions within the codebase for maintenance, refactoring, or documentation purposes.","java.java_method_analyzer._find_context_class( self, str file_path, position )","- Step 1: java.java_import_analyzer.analyze_project receives project_root and output_file as inputs to start the analysis.
- Step 2: java.java_import_analyzer._collect_java_files collects all Java files from the specified root directory.
- Step 3: java.java_import_analyzer._parse_class_info parses class information from each Java file.
- Step 4: java.java_import_analyzer._analyze_file_dependencies analyzes dependencies between the files.
- Step 5: java.java_import_analyzer._generate_adjacency_matrix generates an adjacency matrix of file dependencies and writes it to the output file.
- Step 6: java.java_method_analyzer.analyze_project receives project_root and output_dir to analyze method-level details.
- Step 7: java.java_method_analyzer._collect_java_files collects all Java files again for method analysis.
- Step 8: java.java_method_analyzer._parse_file_info parses file information, including class and interface declarations.
- Step 9: java.java_method_analyzer._parse_class_methods extracts method details from each class.
- Step 10: java.java_method_analyzer._analyze_call_relations analyzes method call relationships within the files.
- Step 11: java.java_method_analyzer._write_method_csv writes method details to a CSV file.
- Step 12: java.java_method_analyzer._generate_call_matrix generates a call matrix of method relationships and writes it to the output directory.","- Performance: Efficient collection and parsing of Java files to handle large codebases.
- Reliability: Accurate parsing of class and method information to ensure correct dependency analysis.
- Observability: Logging of file and method parsing steps for debugging and verification.
- Compatibility: Support for standard Java file structures and syntax.
- Validation: Checks for valid file paths and correct Java syntax during parsing."
1,0,code analysis and visualization,"As a software developer, I want to analyze Java project dependencies and method call relationships so that I can understand the structure and interactions within the codebase for maintenance, refactoring, or documentation purposes.","java.java_method_analyzer._find_matching_methods( self, str class_name, str method_name, List[str] arg_types )","- Step 1: java.java_import_analyzer.analyze_project receives project_root and output_file as inputs to start the analysis.
- Step 2: java.java_import_analyzer._collect_java_files collects all Java files from the specified root directory.
- Step 3: java.java_import_analyzer._parse_class_info parses class information from each Java file.
- Step 4: java.java_import_analyzer._analyze_file_dependencies analyzes dependencies between the files.
- Step 5: java.java_import_analyzer._generate_adjacency_matrix generates an adjacency matrix of file dependencies and writes it to the output file.
- Step 6: java.java_method_analyzer.analyze_project receives project_root and output_dir to analyze method-level details.
- Step 7: java.java_method_analyzer._collect_java_files collects all Java files again for method analysis.
- Step 8: java.java_method_analyzer._parse_file_info parses file information, including class and interface declarations.
- Step 9: java.java_method_analyzer._parse_class_methods extracts method details from each class.
- Step 10: java.java_method_analyzer._analyze_call_relations analyzes method call relationships within the files.
- Step 11: java.java_method_analyzer._write_method_csv writes method details to a CSV file.
- Step 12: java.java_method_analyzer._generate_call_matrix generates a call matrix of method relationships and writes it to the output directory.","- Performance: Efficient collection and parsing of Java files to handle large codebases.
- Reliability: Accurate parsing of class and method information to ensure correct dependency analysis.
- Observability: Logging of file and method parsing steps for debugging and verification.
- Compatibility: Support for standard Java file structures and syntax.
- Validation: Checks for valid file paths and correct Java syntax during parsing."
1,0,code analysis and visualization,"As a software developer, I want to analyze Java project dependencies and method call relationships so that I can understand the structure and interactions within the codebase for maintenance, refactoring, or documentation purposes.","java.java_method_analyzer._match_signature( self, str signature, str method_name, List[str] arg_types )","- Step 1: java.java_import_analyzer.analyze_project receives project_root and output_file as inputs to start the analysis.
- Step 2: java.java_import_analyzer._collect_java_files collects all Java files from the specified root directory.
- Step 3: java.java_import_analyzer._parse_class_info parses class information from each Java file.
- Step 4: java.java_import_analyzer._analyze_file_dependencies analyzes dependencies between the files.
- Step 5: java.java_import_analyzer._generate_adjacency_matrix generates an adjacency matrix of file dependencies and writes it to the output file.
- Step 6: java.java_method_analyzer.analyze_project receives project_root and output_dir to analyze method-level details.
- Step 7: java.java_method_analyzer._collect_java_files collects all Java files again for method analysis.
- Step 8: java.java_method_analyzer._parse_file_info parses file information, including class and interface declarations.
- Step 9: java.java_method_analyzer._parse_class_methods extracts method details from each class.
- Step 10: java.java_method_analyzer._analyze_call_relations analyzes method call relationships within the files.
- Step 11: java.java_method_analyzer._write_method_csv writes method details to a CSV file.
- Step 12: java.java_method_analyzer._generate_call_matrix generates a call matrix of method relationships and writes it to the output directory.","- Performance: Efficient collection and parsing of Java files to handle large codebases.
- Reliability: Accurate parsing of class and method information to ensure correct dependency analysis.
- Observability: Logging of file and method parsing steps for debugging and verification.
- Compatibility: Support for standard Java file structures and syntax.
- Validation: Checks for valid file paths and correct Java syntax during parsing."
1,0,code analysis and visualization,"As a software developer, I want to analyze Java project dependencies and method call relationships so that I can understand the structure and interactions within the codebase for maintenance, refactoring, or documentation purposes.","java.java_method_analyzer._get_type_name( self, type_node )","- Step 1: java.java_import_analyzer.analyze_project receives project_root and output_file as inputs to start the analysis.
- Step 2: java.java_import_analyzer._collect_java_files collects all Java files from the specified root directory.
- Step 3: java.java_import_analyzer._parse_class_info parses class information from each Java file.
- Step 4: java.java_import_analyzer._analyze_file_dependencies analyzes dependencies between the files.
- Step 5: java.java_import_analyzer._generate_adjacency_matrix generates an adjacency matrix of file dependencies and writes it to the output file.
- Step 6: java.java_method_analyzer.analyze_project receives project_root and output_dir to analyze method-level details.
- Step 7: java.java_method_analyzer._collect_java_files collects all Java files again for method analysis.
- Step 8: java.java_method_analyzer._parse_file_info parses file information, including class and interface declarations.
- Step 9: java.java_method_analyzer._parse_class_methods extracts method details from each class.
- Step 10: java.java_method_analyzer._analyze_call_relations analyzes method call relationships within the files.
- Step 11: java.java_method_analyzer._write_method_csv writes method details to a CSV file.
- Step 12: java.java_method_analyzer._generate_call_matrix generates a call matrix of method relationships and writes it to the output directory.","- Performance: Efficient collection and parsing of Java files to handle large codebases.
- Reliability: Accurate parsing of class and method information to ensure correct dependency analysis.
- Observability: Logging of file and method parsing steps for debugging and verification.
- Compatibility: Support for standard Java file structures and syntax.
- Validation: Checks for valid file paths and correct Java syntax during parsing."
1,0,code analysis and visualization,"As a software developer, I want to analyze Java project dependencies and method call relationships so that I can understand the structure and interactions within the codebase for maintenance, refactoring, or documentation purposes.","java.java_method_analyzer._write_method_csv( self, str output_file )","- Step 1: java.java_import_analyzer.analyze_project receives project_root and output_file as inputs to start the analysis.
- Step 2: java.java_import_analyzer._collect_java_files collects all Java files from the specified root directory.
- Step 3: java.java_import_analyzer._parse_class_info parses class information from each Java file.
- Step 4: java.java_import_analyzer._analyze_file_dependencies analyzes dependencies between the files.
- Step 5: java.java_import_analyzer._generate_adjacency_matrix generates an adjacency matrix of file dependencies and writes it to the output file.
- Step 6: java.java_method_analyzer.analyze_project receives project_root and output_dir to analyze method-level details.
- Step 7: java.java_method_analyzer._collect_java_files collects all Java files again for method analysis.
- Step 8: java.java_method_analyzer._parse_file_info parses file information, including class and interface declarations.
- Step 9: java.java_method_analyzer._parse_class_methods extracts method details from each class.
- Step 10: java.java_method_analyzer._analyze_call_relations analyzes method call relationships within the files.
- Step 11: java.java_method_analyzer._write_method_csv writes method details to a CSV file.
- Step 12: java.java_method_analyzer._generate_call_matrix generates a call matrix of method relationships and writes it to the output directory.","- Performance: Efficient collection and parsing of Java files to handle large codebases.
- Reliability: Accurate parsing of class and method information to ensure correct dependency analysis.
- Observability: Logging of file and method parsing steps for debugging and verification.
- Compatibility: Support for standard Java file structures and syntax.
- Validation: Checks for valid file paths and correct Java syntax during parsing."
1,0,code analysis and visualization,"As a software developer, I want to analyze Java project dependencies and method call relationships so that I can understand the structure and interactions within the codebase for maintenance, refactoring, or documentation purposes.","java.java_method_analyzer._generate_call_matrix( self, str output_file )","- Step 1: java.java_import_analyzer.analyze_project receives project_root and output_file as inputs to start the analysis.
- Step 2: java.java_import_analyzer._collect_java_files collects all Java files from the specified root directory.
- Step 3: java.java_import_analyzer._parse_class_info parses class information from each Java file.
- Step 4: java.java_import_analyzer._analyze_file_dependencies analyzes dependencies between the files.
- Step 5: java.java_import_analyzer._generate_adjacency_matrix generates an adjacency matrix of file dependencies and writes it to the output file.
- Step 6: java.java_method_analyzer.analyze_project receives project_root and output_dir to analyze method-level details.
- Step 7: java.java_method_analyzer._collect_java_files collects all Java files again for method analysis.
- Step 8: java.java_method_analyzer._parse_file_info parses file information, including class and interface declarations.
- Step 9: java.java_method_analyzer._parse_class_methods extracts method details from each class.
- Step 10: java.java_method_analyzer._analyze_call_relations analyzes method call relationships within the files.
- Step 11: java.java_method_analyzer._write_method_csv writes method details to a CSV file.
- Step 12: java.java_method_analyzer._generate_call_matrix generates a call matrix of method relationships and writes it to the output directory.","- Performance: Efficient collection and parsing of Java files to handle large codebases.
- Reliability: Accurate parsing of class and method information to ensure correct dependency analysis.
- Observability: Logging of file and method parsing steps for debugging and verification.
- Compatibility: Support for standard Java file structures and syntax.
- Validation: Checks for valid file paths and correct Java syntax during parsing."
1,0,code analysis and visualization,"As a software developer, I want to analyze Java project dependencies and method call relationships so that I can understand the structure and interactions within the codebase for maintenance, refactoring, or documentation purposes.",java.java_method_analyzer.iterate_chars( line ),"- Step 1: java.java_import_analyzer.analyze_project receives project_root and output_file as inputs to start the analysis.
- Step 2: java.java_import_analyzer._collect_java_files collects all Java files from the specified root directory.
- Step 3: java.java_import_analyzer._parse_class_info parses class information from each Java file.
- Step 4: java.java_import_analyzer._analyze_file_dependencies analyzes dependencies between the files.
- Step 5: java.java_import_analyzer._generate_adjacency_matrix generates an adjacency matrix of file dependencies and writes it to the output file.
- Step 6: java.java_method_analyzer.analyze_project receives project_root and output_dir to analyze method-level details.
- Step 7: java.java_method_analyzer._collect_java_files collects all Java files again for method analysis.
- Step 8: java.java_method_analyzer._parse_file_info parses file information, including class and interface declarations.
- Step 9: java.java_method_analyzer._parse_class_methods extracts method details from each class.
- Step 10: java.java_method_analyzer._analyze_call_relations analyzes method call relationships within the files.
- Step 11: java.java_method_analyzer._write_method_csv writes method details to a CSV file.
- Step 12: java.java_method_analyzer._generate_call_matrix generates a call matrix of method relationships and writes it to the output directory.","- Performance: Efficient collection and parsing of Java files to handle large codebases.
- Reliability: Accurate parsing of class and method information to ensure correct dependency analysis.
- Observability: Logging of file and method parsing steps for debugging and verification.
- Compatibility: Support for standard Java file structures and syntax.
- Validation: Checks for valid file paths and correct Java syntax during parsing."
1,0,code analysis and visualization,"As a software developer, I want to analyze Java project dependencies and method call relationships so that I can understand the structure and interactions within the codebase for maintenance, refactoring, or documentation purposes.",java.java_method_analyzer.extract_type( str p ),"- Step 1: java.java_import_analyzer.analyze_project receives project_root and output_file as inputs to start the analysis.
- Step 2: java.java_import_analyzer._collect_java_files collects all Java files from the specified root directory.
- Step 3: java.java_import_analyzer._parse_class_info parses class information from each Java file.
- Step 4: java.java_import_analyzer._analyze_file_dependencies analyzes dependencies between the files.
- Step 5: java.java_import_analyzer._generate_adjacency_matrix generates an adjacency matrix of file dependencies and writes it to the output file.
- Step 6: java.java_method_analyzer.analyze_project receives project_root and output_dir to analyze method-level details.
- Step 7: java.java_method_analyzer._collect_java_files collects all Java files again for method analysis.
- Step 8: java.java_method_analyzer._parse_file_info parses file information, including class and interface declarations.
- Step 9: java.java_method_analyzer._parse_class_methods extracts method details from each class.
- Step 10: java.java_method_analyzer._analyze_call_relations analyzes method call relationships within the files.
- Step 11: java.java_method_analyzer._write_method_csv writes method details to a CSV file.
- Step 12: java.java_method_analyzer._generate_call_matrix generates a call matrix of method relationships and writes it to the output directory.","- Performance: Efficient collection and parsing of Java files to handle large codebases.
- Reliability: Accurate parsing of class and method information to ensure correct dependency analysis.
- Observability: Logging of file and method parsing steps for debugging and verification.
- Compatibility: Support for standard Java file structures and syntax.
- Validation: Checks for valid file paths and correct Java syntax during parsing."
